<annotation>
	<folder>VOC2012</folder>
	<filename>2007_000272.jpg</filename>
	<source>
		<database>The VOC2007 Database</database>
		<annotation>PASCAL VOC2007</annotation>
		<image>flickr</image>
	</source>
	<size>
		<width>333</width>
		<height>500</height>
		<depth>3</depth>
	</size>
	<segmented>0</segmented>
	<object>
		<name>person</name>
		<pose>Right</pose>
		<truncated>1</truncated>
		<difficult>0</difficult>
		<part>
			<name>head</name>
			<bndbox>
				<xmin>142</xmin>
				<ymin>93</ymin>
				<xmax>256</xmax>
				<ymax>229</ymax>
			</bndbox>
		</part>
		<part>
			<name>hand</name>
			<bndbox>
				<xmin>233</xmin>
				<ymin>372</ymin>
				<xmax>304</xmax>
				<ymax>425</ymax>
			</bndbox>
		</part>
		<bndbox>
			<xmin>25</xmin>
			<ymin>71</ymin>
			<xmax>304</xmax>
			<ymax>500</ymax>
		</bndbox>
	</object>
</annotation>
