{
    "info": {
        "year": "2021",
        "version": "1",
        "description": "Exported from roboflow.ai",
        "contributor": "Amanda Morrow",
        "url": "https://public.roboflow.ai/object-detection/na-mushrooms",
        "date_created": "2021-05-04T10:24:01+00:00"
    },
    "licenses": [
        {
            "id": 1,
            "url": "https://creativecommons.org/publicdomain/zero/1.0/",
            "name": "Public Domain"
        }
    ],
    "categories": [
        {
            "id": 0,
            "name": "mushroom",
            "supercategory": "none"
        },
        {
            "id": 1,
            "name": "CoW",
            "supercategory": "mushroom"
        },
        {
            "id": 2,
            "name": "chanterelle",
            "supercategory": "mushroom"
        }
    ],
    "images": [
        {
            "id": 0,
            "license": 1,
            "file_name": "5.jpg",
            "height": 416,
            "width": 416,
            "date_captured": "2021-05-04T10:24:01+00:00"
        }
    ],
    "annotations": [
        {
            "id": 0,
            "image_id": 0,
            "category_id": 2,
            "bbox": [
                240,
                135,
                147.5,
                225
            ],
            "area": 33187.5,
            "segmentation": [],
            "iscrowd": 0
        }
    ]
}