{
    "info": {
        "year": "2021",
        "version": "1",
        "description": "Exported from roboflow.ai",
        "contributor": "Amanda Morrow",
        "url": "https://public.roboflow.ai/object-detection/na-mushrooms",
        "date_created": "2021-05-04T10:24:01+00:00"
    },
    "licenses": [
        {
            "id": 1,
            "url": "https://creativecommons.org/publicdomain/zero/1.0/",
            "name": "Public Domain"
        }
    ],
    "categories": [
        {
            "id": 0,
            "name": "mushroom",
            "supercategory": "none"
        },
        {
            "id": 1,
            "name": "CoW",
            "supercategory": "mushroom"
        },
        {
            "id": 2,
            "name": "chanterelle",
            "supercategory": "mushroom"
        }
    ],
    "images": [
        {
            "id": 0,
            "license": 1,
            "file_name": "1.png",
            "height": 416,
            "width": 416,
            "date_captured": "2021-05-04T10:24:01+00:00"
        },
        {
            "id": 1,
            "license": 1,
            "file_name": "2.bmp",
            "height": 416,
            "width": 416,
            "date_captured": "2021-05-04T10:24:01+00:00"
        }
    ],
    "annotations": [
        {
            "id": 0,
            "image_id": 0,
            "category_id": 2,
            "bbox": [
                240,
                135,
                147.5,
                225
            ],
            "area": 33187.5,
            "segmentation": [],
            "iscrowd": 0
        },
        {
            "id": 1,
            "image_id": 0,
            "category_id": 2,
            "bbox": [
                179,
                110,
                109,
                173
            ],
            "area": 18857,
            "segmentation": [],
            "iscrowd": 0
        },
        {
            "id": 2,
            "image_id": 0,
            "category_id": 2,
            "bbox": [
                48,
                123,
                127.5,
                222
            ],
            "area": 28305,
            "segmentation": [],
            "iscrowd": 0
        },
        {
            "id": 3,
            "image_id": 0,
            "category_id": 2,
            "bbox": [
                22,
                192,
                82.5,
                69
            ],
            "area": 5692.5,
            "segmentation": [],
            "iscrowd": 0
        },
        {
            "id": 4,
            "image_id": 0,
            "category_id": 2,
            "bbox": [
                162,
                172,
                90.5,
                138.5
            ],
            "area": 12534.25,
            "segmentation": [],
            "iscrowd": 0
        },
        {
            "id": 5,
            "image_id": 0,
            "category_id": 2,
            "bbox": [
                111,
                218,
                82.5,
                135.5
            ],
            "area": 11178.75,
            "segmentation": [],
            "iscrowd": 0
        },
        {
            "id": 6,
            "image_id": 0,
            "category_id": 2,
            "bbox": [
                37,
                250,
                90.5,
                110
            ],
            "area": 9955,
            "segmentation": [],
            "iscrowd": 0
        },
        {
            "id": 7,
            "image_id": 1,
            "category_id": 1,
            "bbox": [
                256,
                256,
                131,
                146.5
            ],
            "area": 19191.5,
            "segmentation": [],
            "iscrowd": 0
        },
        {
            "id": 8,
            "image_id": 1,
            "category_id": 1,
            "bbox": [
                39,
                22,
                311,
                220.5
            ],
            "area": 68575.5,
            "segmentation": [],
            "iscrowd": 0
        }
    ]
}